11	
2	admiralty,
1	partial
1	issued
1	existing
1	oct.
1	selection
2	672;
1	provided.
14	392,
1	vacancy,
1	treaties
1	referring
1	granting
1	default,
1	default.
1	granting,
1	arbitrator.
3	issue,
1	nonresident
2	confirmation
4	appointment
1	sitting
2	defined,
1	fall
1	1233.)

2	rehearing
1	defined;
1	clerk:
2	cause
1	causes
1	applicable
4	agreement.
1	settle
1	expired,
1	application.the
1	enforce
1	inconsistent
1	charter
1	655,
3	force
1	specially
1	valid,
1	affidavit,
1	injunction
5	direct
1	modified
1	19,
1	enjoin
1	notwithstanding
2	appear
2	decisions
16	section
1	selected
3	witnesses
1	302.
2	modifying,
1	party,
1	supplies
4	falling
2	appeal
4	method
4	deemed
1	10.
4	10,
1	clerk
1	modify
2	residual
3	title.
1	pending.
1	water
1	exceptions
1	pending,
1	modify;
2	expressly
1	involved
1	guilty
5	convention.
6	controversy
5	trial
1	requirements
2	modify,
1	3,
17	action
1	204,
2	thereof,
1	doctrine.
1	involves
1	named
1	regardless
1	case.
1	ground
2	modifying
6	brought
14	(july
4	parties,
1	parties.
5	apply
3	removal
2	relating
1	vacated,
1	use
4	attendance
6	proceed
1	action.
1	call
1	reciprocity
2	libel
17	(added
1	defendant
1	9.
1	herein,
1	corrected
32	award
1	employees,
1	contrary,
1	553
5	cases
1	section,
1	appointed
2	must
1	1975,
1	extension
1	rights
1	lapse
4	refusing
16	ch.
4	(2)
1	fees;
1	validity,
3	following
3	making
2	abroad,
1	means;
5	admiralty
1	motions;
2	citizens
2	division
2	process
1	prejudiced;
6	purposes
1	application,
3	umpire,
19	states
2	heard
1	issue.
1	arise
1	umpire;
1	otherwise,
1	contempt
24	united
38	court
5	compel
4	ratified
4	1
1	located
1	procured
4	commercial
1	301.
1	corruption,
1	description
2	attend
27	may
4	3
1	purpose.
1	submitted.
1	12.
1	14.
1	courts.
1	14,
7	law
1	refuse
1	effective
1	applicant
3	arbitrate
1	justiciable
3	chapter.
1	208.
1	continuing,
1	enter
1	time,
24	order
1	executed
1	furnished
1	effect,
2	satisfied
1	record,
1	years
1	course
2	paper
1	including
1	motions
1	misconduct
1	effect;
1	201.
1	then,
1	procedures
6	writing
3	civil
2	compelling
1	comply
1	2.
1	might
6	petition
50	

2	affected
1	arbitration

1	motion,
4	material
1	modification
1	miscalculation
3	hearing
3	provision
1	day
1	removal.
4	arbitration,
1	masters
1	several
1	name
2	january
1	filling
3	arbitration;
3	aggrieved
2	found
1	entirely
1	bills
2	summarily
1	apply,
2	referred
1	8.
1	determine
1	venue
5	directing
1	staying
1	begun
1	exceeded
1	relates
2	naming
2	confirmation;
1	vacation;
1	witness
1	as,
7	(a)
1	decree
1	factors
2	testify
1	vessels
1	correction;
1	contained
1	docketing;
1	postpone
2	forth
3	correct
2	thereupon
1	sept.
1	580
1	book,
2	convention,
1	reason
1	1951,
1	state,
1	met,
2	671.)

21	district
1	days
5	motion
1	american
10	place
1	incorporated
1	follows:
1	retain
10	arbitral
2	neglect
1	embraces
1	appeals
1	thereafter
2	thereof
4	one
1	embraced
1	another
2	fees
1	306.
41	arbitration
6	service
3	denying
3	made,
1	regulation
2	nation,
4	confirming
1	2
1	consistent
20	convention
1	promulgated
1	hearing,
1	final
1	205.
11	enforcement
1	imperfect
3	relationship
1	punish
2	neglect,
1	subpoenas
1	part
1	july
1	copy
1	specify
1	11
1	10
1	therein;
3	vacating
1	202,
2	1;
2	submitted
1	205,
8	matter
1	to,
1	providing
2	1,
1	1.
4	enforced
3	(3)
1	controversy,
1	controversy.
1	service;
1	thereto
8	manner
2	thereof.
1	fraud,
1	controversy;
1	clearly
6	issue
3	673.)

1	reasonable
1	therewith
1	proceeding,
1	proceeding.
5	majority
2	without
2	206
1	performance
1	contractual
1	(e)
1	305.
1	order,
6	unless
1	207
1	though
1	7.
1	falls
1	summons
1	involving
1	1988.
1	organization
1	nothing
1	class
4	jurisdiction;
1	(d)
1	considered
1	removed
1	relationship,
1	face
7	proceedings
1	jurisdiction,
1	incorporation
1	amendment
1	usual
1	document,
1	laws
1	transactions,
1	procedure.
1	procedure,
1	agreed
11	jurisdiction
3	pursuant
1	undue
1	bring
1	relation
1	contract.
2	contract,
1	nations,
2	find
1	respects,
1	vessels,
2	specifically
1	based
1	securing
15	title
1	justice
3	written
1	subsection
1	equity
1	interstate
1	refusal,
1	columbia,
2	means
3	contracts
1	designated
3	maritime
1	13.
17	made
1	commission,
1	motions,
1	commerce.
1	commerce,
1	206.
3	held
12	accordance
1	them;
1	9
1	remove
1	summon
2	proceedings,
3	whether
1	thereon,
1	deferral
5	them,
1	202.
1	secretary
2	set
1	1954,
1	reference
1	locale
5	award.
5	award,
1	docketed
1	dismissed.
14	1947,
2	merits
1	aims
1	31,
1	fail
6	jury
1	award;
9	subject
1	repairs
7	said
1	correcting,
1	therein,
2	federal
1	orderin
1	definite
9	state
1	203
1	enumerated
2	affecting
1	delivered.
1	corruption
11	notice
3	terms
1	powers,
2	title,
1	prior
6	awards
1	collisions,
1	reciprocity,
2	article
2	grounds;
8	(b)
1	entered.
1	according
2	contract
12	foreign
1	figures
16	stat.
1	whole
1	finds
6	otherwise
1	among
2	extent
1	appeared
1	572
1	1292(b)
1	6.
1	(including
14	61
1	65
1	68
2	respect
4	title;
1	described
3	basis
1	enforcementthe
1	claiming
3	670.)

2	three
4	commission
6	arbitrator
2	agreements
2	entered
5	territory
1	summons,
1	16.
2	thereunder,
4	court.
1	sufficient
1	460
1	enforceable,
2	determination
2	demand
1	agreements,
1	confirming,
2	case
4	commerce
1	thereof;
1	need
4	agreement,
1	seamen,
1	pending
57	shall
3	applies
4	property
2	agreement;
4	procedure
1	mistake
2	resident
1	engaged
5	herein
2	person,
3	transaction,
1	demanded
1	irrevocable,
3	referable
1	action;
1	grant
2	perform
1	203.
10	make
1	203,
2	amount
3	wherein
1	member
11	adverse
1	prescribe
1	wharfage,
27	party
1	15.
2	conflict
1	3.
1	674.)

1	used
1	columbia
5	refusal
24	upon
2	effect
2	(4)
12	arbitrators
3	persons
1	moving
1	purpose
2	672.)

5	judgment
2	made.
4	prescribed
2	transaction
1	204.
2	failure,
1	punishment
5	person
2	which,
1	thing,
1	entry
2	grounds
5	arising
1	671;
1	confirm
1	judgments
1	304.
3	may,
1	removed.
2	actions
1	followed;
1	1926.
2	taken
1	28)
2	28,
1	raised,
1	workers
5	except
1	1958
1	issues
2	4
1	citizen
3	save
1	designate
1	complaint
1	amended
3	provisions
7	rules
1	judgment;
1	matters
2	arbitration.
1	five
2	seizure
1	judge
1	railroad
1	execution
2	correcting
1	filed.
1	modifications
1	pertinent
2	like
4	arbitrators;
1	states,
9	states.
1	715.)

6	arbitrators,
2	any,
2	5.
4	either
7	served
1	evidencing
3	attorney
1	11.
1	begin
2	vessel
3	specified
1	vacate
1	confirm,
1	employment
6	recognition
13	provided
15	proceeding
1	207.
1	operation
1	5,
2	decision
1	transactions
1	303.
1	legal
1	arbitrators.
1	summoned
1	obey
1	business
1	awards;
24	agreement
1	refused
1	imperfectly
15	30,
1	method,
1	partiality
1	awards,
18	chapter
1	anything
1	carriers,
2	apply.
1	months
1	recognized
3	act
1	mean
2	marshal
3	therein
2	rendered
1	misbehavior
2	for,
1	orders
1	court,
16	within
1	1263,
1	agreed,
1	inapplicability
1	doctrine
7	parties
1	defendants
1	court;
1	brought,
1	additional
3	alleged
1	submit
1	awarded
1	avail
4	(1)
4	suit
1	vacated
4	(c)
2	sections
2	same;
1	appointing
1	form
1	modified,
1	307.
1	appointment,
2	failure
3	hear
8	courts
1	another,
1	promote
1	directed
3	also
3	1958,
1	nonresident,
3	evident
1	notice,
4	default
1	signed
1	vacate,
2	interlocutory
1	final,
1	dispute
1	umpire
1	year
2	evidence
1	proper
1	single
1	exist
1	file
1	adversely
1	discretion,
1	shown,
1	amendments
1	require,
1	revocation
1	corporation
1	irrevocability,
1	generally
2	event
1	4.
17	application
1	5
2	papers
1	envisages
1	proceed,
1	lading
1	mutual,
2	acceded
1	embracing
4	june
1	shown
13	inte-american
7	stay
1	controversy.the
1	intent
1	not,
3	appoint
2	hereunder
1	required
4	shall,
1	principal
3	filed
1	commercial,
4	time
1	international
1	original
