1168	
1	considered,
2	(2))
6	candidates;
14	(2),
5	(2).
4	four
1	considered:
3	(2);
2	candidates,
4	increase
48	eligible
1	provisionally:
4	appropriation
1	writing)
1	(commencing
3	bringing
1	immunities
1	20511.
1	error);
2	charter
2	(except
1	27,
7	feasibility
11	second
1	error).
3	mailing,
1	mailing.
1	consenting
3	30104(b)
3	errors
1	report;
5	contributed
12	report,
7	report.
1	general.on
3	offenses
1	inaccessibility.
17	reported
17	affiliated
1	contribute,
55	reports
10	military
1	circumstance,
1	positions.
1	classification
7	precincts
3	replace
11	brought
1	beneficiaries
1	bring,
1	population,
2	population.
19	unit
1	opponents
1	21122.
3	cents
8	hereby
1	officio
9	90
4	hold
25	95
25	96
2	generalin
1	abbreviation,
1	generalif
2	therefor.
5	type,
1	20310(1)].
1	household
1	statistics;
3	organized
4	currency
1	1604(a)(2),
1	30111(a)(4)
1	1973gg2(b))
1	keep,
5	travel
3	machine
1	thereto.
1	promotion
1	rulesthe
22	effective
1	headquarters
2	presiding
2	democratic
1	effect.
4	effect,
5	information:
1	effect:
1	misspelling,
7	writing,
3	fix
1	(c)(4)(b)
2	omitted
2	represent,
1	devices;
2	slate
2	educating
3	schools
1	senator.
2	devices.
4	senator,
2	represents
2	on-tenth
1	designated,
1	interfering
4	financial
1	20944.
1	39)
1	39.
1	39,
1	contracting
2	substantially
1	(a)(9).
1	conversionfor
1	speed,
1	1970,
2	waive
5	encourage
1	therefor),
1	surveys
2	assures
4	estimate
1	marine,
1	misrepresentation.
89	district
1	10102.
1	speedy
1	repealed
63	purpose
11	senate,
4	senate.
2	(9),
43	meet
3	senate;
1	171
36	service
1	similarly
2	needed
1	master
2	listed
1	30121.
4	transmittal
3	reimbursable
2	unwritten,
2	project
1	exceed[2]
1	transaction;
1	transaction.
1	downloadable;
3	cesar
1	managerial,
14	responsible
1	recommended
1	causing
2	membership;
3	english,
954	shall
1	object
2	diminishing
4	fees,
1	notify,
9	affirmation
2	entry
3	guidelines)
3	guidelines.
1	incomplete
14	advisory
4	title).
1	(xi)
3	title),
2	meetings
28	advisors
3	nominated
3	undue
3	title);
15	participate
2	nominates
1	states).
1	170(c)
10	subpart,
1	ceased,
6	rico
1	the[1]
1	resources,
1	(vi).
4	television
2	chairman,
2	signature.
1	produced.
1	respond
6	fair
10	result
6	fail
1	components;
1	resigned
12	best
1	oceanic
1	projects.
1	describeda
4	preserve
1	involved)
6	involved.
5	involved,
6	nature
2	felony
3	authorizing
5	involved;
1	30104.
37	extent
1	vacancies;
2	country
1	demanded
2	loans;
2	30th
5	individual,
1	money,
1	102
3	individual.
2	union
1	10502,
1	10502.
3	privilege
1	incompetent
3	held;
1	options.
2	worker
4	501(c)(4)
2	moneys
2	held.
6	held,
1	$2,000;
1	commerce
1	submissions
2	tried,
1	dissemination,
1	employ
1	qualification;
1	consent,
9	qualification,
1	enrolled,
1	things
6	cumulative
1	deaf.
2	(g),
1	conciliation,
5	pos-general
7	qualifications
2	categories:
1	consents
2	ownership
1	30101(4)
1	adopting
1	principal,
4	generalexcept
3	qualifications;
17	which,
1	simulated
1	(iii),
3	opinions
4	distribute
2	financially
3	succeeding
16	previous
2	enters
1	authorizations
1	easy
5	possible
1	birth
8	imposed
4	unique
1	opinion.
1	opinion,
4	occurring
8	(relating
2	collection,
5	steps
1	authorization.
75	attorney
74	right
1	old
1	located,
1	people
1	consultants
6	multiple
1	harassment
2	indians,
2	accessibility,
60	individuals
2	colleges)
1	reprisals,
2	brokerage
3	ballots.
43	citizens
1	6-day
1	(c)(4),
2	consulting
26	statements
1	facility
3	nongovernmental
2	notification,
1	20942.
11	administer
3	furnishing
1	20509]
314	federal
1	unambiguous
1	authorizes
1	systems:
1	intent.not
19	support
3	1976,
2	systems.
5	device,
5	systems,
152	authorized
1	systems)
11	$200
8	magazine,
1	statement:
1	so.
3	statement.
22	statement,
1	30104(i)(8)(b)
1	20509.
8	devices
1	30118.
2	ownership,
1	794e
110	later
1	disclosing
1	30123.
2	exist
5	accounting
2	negotiations
1	count,
14	solicitation
1	commissionnot
2	role
1	21052.
1	roll
3	exempted
2	intent
1	workers.
2	workers,
2	invitations,
69	time
1	conferred
1	$1,000,000,000.
3	proficient
1	107(5)
6	whoever
1	provided;
17	chair
3	paycheck,
1	provided.
15	provided,
1	1393[1]
3	recurrence
6	circumstances
2	prepaid
1	defined,
1	(ii);
1	theater,
5	choice
1	jurisdictions,
1	fullest
3	(ii),
1	defined;
2	room
1	tabulate,
1	assigned,
1	team
6	depository
6	testing,
12	prevent
6	findings
3	sign
1	28shall
1	20507(a)(3)(b)],
20	current
1	modifying,
1	television,
1	20902(c)
1	presumption;
2	(ix)
2	understanding
46	address
1	finding,
1	rent,
1	therefor,
8	funded
3	studies
2	confidentiality
1	foreig-flag
25	relating
2	opposes
3	working
5	value,
4	(a)(1)(a),
4	scope
1	stat-federal
1	statistics:
1	afford
3	apparent
3	validity
1	visual
1	stored,
2	virtue
51	behalf
4	facilitating
5	believes
1	printing
42	following
1	bac-up
1	oppose.
4	acceptance.
1	application)
4	application.
5	application,
1	validly
5	(12)
6	allowed
1	offense
2	monitoring
1	qualified.
5	subdivision,
2	subdivision.
4	subdivision;
1	subdivision:
1	sourceswhenever
2	(r.s.
23	applications
143	date
12	data
52	applicant
1	ordinarily
6	attestation
3	subdivisions
6	definitions
1	citizenry,
1	technologyunder
3	record.
23	years
6	course
1	record;
2	recipient.
4	constitutes
3	suspension
2	bipartisan
6	petition
5	recipients
14	year;
1	lessee,
1	(f)(2);
27	year,
33	records
15	year.
1	compelled
1	year)
2	maintaining
2	imprisoned,
12	establishing
5	quarter
1	$70,000
1	revised
4	(within
1	sponsor
2	792
13	contained
5	investigation
19	internet
1	formula
1	seventh
5	governing
2	november,
4	remainder
10	training
3	payment,
3	initiate
1	(a)(iii)
1	spoken
27	clause
1	notification.after
37	one
1	reopen
2	advantagefor
48	submit
1	periodical
2	spanish
208	vote
1	open
2	city
1	recoupment
4	indicate
22	2
3	types
1	30104(a)(4)(a)(ii)
1	20902(d)(1)
2	on,
1	photographic
1	sortable,
1	authority;
3	third
1	future
1	(prior
3	locations
1	registrations;
26	law,
19	law.
1	1974,
1	1974.
1	locations,
1	1973gg6(a)(4)(a))
1	(2)(a)(iii)
1	note
4	intends
2	1974;
20	take
4	law;
1	location;
1	(failure
12	printed
1	time.;
16	knowingly
1	designation.
1	20507.
1	benefits.
1	average
2	(3);
2	sale
2	ways
4	not,
27	laws
7	inconsistent
1	21001(a)(1)(c)[1]
5	outside
1	21005.
1	equipped
18	congressional
2	dispute
1	2701
1	procurement,
1	prima
1	blind,
1	disabled,
1	blind;
1	liable
1	grantees
1	balloting,
2	threats,
4	hamer,
1	balloting:
3	preclearance
2	designee;
1	20302.
18	representatives
1	certificationno
5	designee,
2	designee.
3	bureau
1	awards
1	20507(a)(4)(a)],
1	representative;
1	21101.
23	residence
1	representative.
2	representative,
5	residency
1	heretofore
1	requires,
1	expression
1	law).
1	law),
2	fift-five
1	mechanical,
18	considers
1	prepare,
2	vacation
2	combined
1	mothe-i-law.
9	enable
1	former
1	electoratefor
3	(a)(3)
3	resides
5	polls
29	single
3	10303,
1	10303.
2	newspaper
2	written,
7	engaged
1	engages
22	technology
1	adopted.
1	management.
77	expenditures
5	verified
2	resided
1	cost,
1	commitment,
1	3512[1]
6	visually
1	exceptionsthe
2	assigns
1	iv,
4	allocation
1	internet,
1	internet.
1	(a)(6)(c),
4	tracking
4	expenditure;
1	collected)
40	costs
1	collected,
8	threaten,
1	reporting;
5	expenditure,
2	commentary,
4	expenditure.
1	officers.
1	officers,
2	safeguards
1	officeholders,
3	omissions
3	officers;
1	weekly
1	presumption
1	grievances,
2	instrument
1	offender;
3	aspects
2	(2)(a)(i)
11	process,
4	process.
12	sums
6	(5
1	postage.
8	preference
1	world
1	groups,
6	process;
8	(10)
1	20921.
2	offenders
6	members.
10	members,
1	racial
40	subpart
1	noon
1	recordkeepingthe
3	refer
2	2010.
28	voluntary
1	generalon
1	accessing
1	scientific
3	power
1	lon-term
1	30106.
7	leadership
3	(either
1	20101
14	disabilities
2	5315).
10	practicable
3	applications,
124	act
1	liabilities,
1	commingled
1	image
2	discrimination,
6	parties
281	(1)
1	trip;
1	series
1	orally,
1	(directly
2	services;
1	recommends
19	complete
10	services,
1	services.
8	technologies
30	october
2	copying,
9	detailed
2	exhausted
20	certain
1	gift,
2	clauses
1	gs15
5	2000
1	abolish
3	proficient;
2	beverage
1	(e)(3)),
1	administers
48	congress
1	gifts
1	storage,
1	waived
13	federal,
8	fraudulent
2	mass
8	original
17	waiver
3	consider
3	20505]
4	(if
1	fairness
3	oaths
2	duty,
1	hunting
3	handbills,
1	oath,
1	30114.
27	appointment
4	returned
48	(5)
150	(i)
1	islands.
1	corporations,
1	20505,
2	cable
7	officials,
1	officials.
1	joined
1	large
2	adjust
5	facsimile
1	legislatures.
1	pbc
2	officials;
1	has,
11	penalties
1	customarily
1	situated
9	accreditation
416	section
1	21007.
9	method
3	contrast
4	full
2	display,
18	hours
23	november
2	pseudonyms
4	branches,
3	generalnotwithstanding
26	compliance
2	experience
33	prior
2	periodic
16	social
74	action
1	periodin
1	followed
1	retroactive
3	enactment
1	vii
1	certifying
1	parties,
1	parties.
1	107(1)
2	coercion
5	select
2	attendance
1	vic-presidential
1	objectives
1	20902.
6	generalsubject
1	20304.
19	6
1	under,
3	corrected
1	sessions)
2	tested
2	definedfor
1	documents,
1	science
3	indicating
1	online,
1	prompt
2	(with
5	stated
2	suggestions
3	plan;
25	accept
154	states
1	plan.
8	plan,
141	information
4	intended
2	30104(f)(2)(e)
1	10301.
4	state)
3	10301,
21	state.
59	state,
1	plane
3	state;
1	state:
1	appealed
7	refuse
57	register
7	broadcasting
2	fundamental
1	impermissible
5	geographic
5	(a)(1)
1	49,
1	furthering
2	$25,000,000.
16	paper
4	scott
1	it.
8	timely
1	it,
1	representatives;
2	representatives.
10	representatives,
1	laboratory.
3	jordan,
3	representatives)
1	itemsunited
9	designation
6	repayment
12	aggrieved
8	found
1	requestafter
1	minority.
1	week
3	reduce
3	reappointed
4	operation
1	20103.
7	research
3	occurs
7	refusal
3	qualify
1	conditioning
7	definition
1	occur,
3	retained
1	occur)
3	(16)
1	occur;
1	20923.
4	bumper
2	thereafter
32	number
3	preservation
1	6(c)
1	heads
1	guest
1	disabilities),
2	show
2	determine,
3	relationship
2	costs.
1	generalan
6	immediate
4	consult
1	forward.
1	costs;
1	21024.
1	21071.
32	determines
1	8(a)(4)(a)
39	determined
1	marriage
125	(3)
1	ove-vote
2	single,
1	conspiracies:
2	reliance
11	also
1	recognizing
4	internal
1	directives
1	conspiracies,
5	understand,
41	plan
2	accepting
1	unequal
5	samoa,
1	samoa.
1	samoa;
1	20983.
1	10701.
1	distributed,
1	occupation
9	impact
4	(vi)
7	stockholders
1	21083(b)(2)
4	failed
2	factor
2	dependent
7	remedy
3	preparing
8	regulations,
1	regulations.
1	stockholder,
5	write,
27	set
1	enabled
14	instituted
1	respondent.
1	20301(a)
1	software);
5	31,
1	institutes
1	seminars
2	currently
10	15th
5	knowing
1	institute,
1	institute.
1	premises
1	entities,
2	(k)
1	30116.
24	last
52	connection
6	whole
1	town,
18	loan
1	44,
3	race,
7	community
4	1964,
1	agents
2	church
1	repayment,
1	publishing
6	monthly
2	acceptance
1	format)
1	registrants,
1	agency.;
1	agent.
1	agent,
39	fund
21	representative
11	judicial
1	expanded
3	budget
35	receive
1	disputes,
11	error
1	owed
2	level,
4	alaska
4	stickers,
1	datefor
1	1986,
1	20306.
1	shorter
1	read
11	prescribe
10	survey
1	disability;
2	comprehensive
4	levels
1	disability,
1	necessity
1	governments,
7	recent
1	address)
2	alleging
252	person
1	designees,
1	10508.
1	electronically;
1	electronically.
1	electronically)
1	(2)(a)(iii);
1	admission
4	communication.
3	communication,
2	parents
7	location
2	communication;
1	individual;
1	supportthe
1	emergency
1	format
1	10307.
1	grants,
3	projects
1	formal
4	submission,
1	pertinent
4	d
1	parent,
16	communications
4	continue
1	submission;
2	(a)(7)
1	pertaining
31	methods
17	senate
1	incapacity;
7	personnel,
15	agreement
1	1919)
2	complainant,
1	method,
4	anything
2	america-flag
1	therewith
4	10303(b)
94	appropriate
3	primarily
1	2004),
2	contributor
9	guideline
1	20101.
2	spending
4	specifically
1	20925.
4	line
6	posted
5	(14)
5	verification
1	open;
3	continuously
1	storing
37	defined
3	influence
1	proclamation,
7	nondiscriminatory
1	concealment
1	preventing
1	herein.
1	21004(a)
8	name,
3	elements
3	developmental
1	referees;
1	referees,
1	2014,
1	land
1	21022.
1	consumer
37	age
1	entity),
35	carrying
1	copy,
2	enrolled
3	subclause
1	code
1	partial
7	results
7	existing
1	penaltiesa
2	whoever,
6	send
7	(not
1	expeditious
1	21121(b)
2	resources
1	center.
1	continues
4	precinct
1	posting.
10	transmission
1	threat
20	race
1	depositories
9	guam,
1	20981.
1	identification,
1	subject;
3	recruitment
1	imply
2	30102(g)
3	identification;
39	declaratory
15	that,
9	index
8	make,
2	directive
1	expressed
5	indian
1	exempteda
1	license.
1	license,
11	punch
1	delivering
1	applicable,
11	consideration
1	prerequisites;
1	great
6	engage
16	technical
24	involved
4	resulting
4	defeat
11	opinion
3	residents
1	bookkeeping
42	makes
5	complying
1	outcomes
1	pending;
2	intimidation.
2	intimidation,
2	$350,000
3	certificate
2	illegal
1	publication,
11	next
3	duplicate
1	box,
2	counsel.
5	counsel,
11	occurred
10	opposing
1	mayors.
2	subdivisions,
3	counsel;
1	[42
1	30110.
1	reducing
1	20501.
1	fulfill
1	21003.
20	process
1	firmware,
93	purposes
1	pieces
1	high
1	intramural
2	30109
2	class.
4	educational
1	6103
1	6101
4	delay
2	materials,
2	bilingual
18	establishment
1	lines;
2	recorders,
2	purpose.
2	submitted.
2	purpose,
4	billboard,
1	element
1	writ
1	asserts
2	volunteers
16	counted
2	move
1	and[1]
2	produced
1	fathe-i-law,
1	directs
1	20906.
1	chosen
1	21134.
17	puerto
2	therefor
106	subparagraph
2	2010
1	designs
1	direct.
1	outlined
69	presidential
2	undertaking
1	preelection
1	accompanied
3	books
1	interaction,
40	registrant
14	following:
1	concealment,
2	dismissal
1	(that
1	10305.
1	10305,
1	met:
1	met.
1	fiftee-year
10	qualifying
2	$15,000,
2	(public
1	speaking,
1	interest;
9	school
1	(2)),
7	owned
2	interest,
12	legislative
1	two,
2	detailing
73	system
4	posters,
2	adopts
1	interests
18	enforcement
3	accompany
4	2003,
1	unexpended
1	rolls,
1	rolls;
1	reproduction
2	pr-general
2	federally
1	directors.
1	collecting
13	false
13	fourteenth
20	clearly
2	prohibits
1	documents
2	jurisdictions
1	20107.
6	accuracy
1	20927.
15	regard
6	allow
1	declaratory,
1	injunctive,
1	plus
13	device
2	jurisdiction;
6	injunction,
1	possessions,
1	modification),
1	injunction;
3	jurisdiction,
1	jurisdiction.
8	fact
4	terminate
11	vacancy
5	bring
1	repayment;
26	principal
1	acquiring,
1	servitude;
16	committee;
8	entities
16	committee.
44	committee,
2	secretaries
7	committee)
95	means
1	(26)personal
13	prohibition
5	multiyear
70	committees
3	(2)(a)(ii),
2	taxes
1	intervening
1	temporarily
25	(7)
1	configured
4	(2)(a)(i),
1	newsletters,
1	nationwide
1	debatable.
3	partisan
1	recorder.
9	nominees
4	reauthorization
4	ends
5	advisability
151	absentee
1	taken.
5	restrictions
1	depositories.
1	schools,
1	graphic,
2	affiliated;
1	handicapped,
1	anonymity,
2	allocated
1	20987.
2	affiliated,
5	contributors
1	modifications)
1	facilities.
1	entitle
1	utilizing
6	c.
1	research,
10	expiration
3	site
5	hardware
2	electorate.
1	descriptive
8	denial
5	$2,000
15	of,
5	(prescribed
2	direct,
12	columbia
64	upon
1	v.
6	proficiency
1	waiver;
1	30112.
84	contribution
1	expand
1	253(b)
13	audit
1	mechanisms,
2	audio
1	drawing
1	returned,
33	less
1	activity);
1	1277;
1	web
1	residential
1	designeethe
7	exempt
26	5
4	stat-based
3	photo
28	increased
31	government
2	checking
2	rights.
1	(xiv)
1	108375;
4	increases
2	21082(a)
12	five
2	organization.
1	(of
1	issues,
1	contempt;
34	(or
2	issues:
1	become
4	replacement
13	amendment
5	loan,
2	liquidation
4	residence,
1	foreseeable
1	residence;
2	standards,
129	ballot
1	recognition
1	executive,
1	avoid
1	definitionswhen
1	20904.
1	21021(b)
13	schedule
5	selecting
1	machin-readable
10	loans
2	stage
1	reimbursement.
1	december,
2	insufficient
1	documentary
1	revise
10	software
3	assess
3	spouse
1	nomination,
1	21041.
2	justifying
3	place;
1	30146.
5	place,
3	place.
3	function
3	building
1	disabilitiesthe
24	delivery
4	construction
1	candidacy
1	banc.
4	count
21	disbursement
10	places
107	official
3	restrict,
2	centralized,
2	placed
1	nominations
2	informational
1	16,
1	$200.
2	contribute
11	condition
2	dissemination
38	recommendations
1	promulgation
1	trials
1	custody,
5	predominant
1	investigatory,
2	monday
1	(c)(5),
1	(c)(5).
16	in,
1	repeal
1	capturing,
1	detail,
1	statementeach
20	rule
1	note),
1	note).
1	rural
2	party:
2	consolidated
1	desirable
7	party)
6	integrity
1	defraud
21	votes
267	voter
1	161
1	20105.
14	voted
1	30111(a)(10)[1]
2	30116(i)
2	29.
25	29,
16	vote;
1	upload
12	delegate
3	indices
27	vote,
1	1973c)
1	relationship,
1	allowed,
2	papers;
2	machines
69	established
1	directed,
2	employee,
3	establishes
2	consisting
1	simultaneously
1	(b)(2)(c),
1	residual
12	protection
3	noncompliant
5	obtained
1	counter.
22	study
1	transportation,
1	transportation.
7	secure
11	elections.
4	elections,
2	highly
24	total
1	communications.
4	elections;
1	communications,
1	elections

52	program
4	administering
3	separated
2	award
1	aware
1	cos-effective
2	1990
11	1993
3	1995
1	21142.
3	permits
1	books,
4	definedin
1	choose,
2	indian,
4	indicated
2	cited
2	impair
3	indicates
1	20985.
1	hourly,
61	provide
5	verify
1	20704.
3	ordinary
1	appoint,
1	lotteries
1	title,section
60	law
2	20310(5)(a)
42	order
194	office
8	consent
4	(4)(a)
1	satisfied
1	proportionate
1	practice.
2	15041
1	recreational
1	50,000
5	production
1	versus
8	affected
1	passed.
1	establish,
1	units,
8	bank
1	units.
2	(2)(b)
5	reasonably
23	reasonable
3	$50
3	appointment.
3	fix,
2	campaign;
1	20310(5)].
397	(a)
1	network
1	americans,
2	have,
17	forth
2	21112
3	supplies,
1	barrier
6	certifies
4	standard
2	campaigns
6	appointments
2	scheme,
11	certified
1	vessel;
1	reappointed.
1	creates
1	incorporated
38	(as
2	(at
5	durational
3	render
15	another
29	electronic
2	advisors),
1	rejects
1	bequest
5	rates
1	jointlynotwithstanding
2	damaging
1	systems);
1	authorized.
1	target
2	rate.
21	solely
1	minus
1	pervasive
1	access,
1	access.
47	manner
9	contents
1	7324
1	genuine
1	convenient
1	21043.
3	subjects
4	forces
17	transmit
5	explanation
3	(a)(1).
2	(a)(1),
1	assesses
2	exercised
1	extending
2	involving
3	force,
2	calculated
2	subject,
304	voting
3	responded
1	reserve
5	mock
15	implementation
8	guidance
3	adequate
1	coerces,
1	20962.
5	preferred
1	$9,400,000
3	covering
1	votomatic.
1	41.
1	suffrage
37	secretary
3	observer
1	w.
1	term;
2	term.
6	expended.
3	request,
1	fundsan
2	request.
3	velasquez,
5	receive,
2	away
1	request;
7	unable
1	1973ee
6	cooperation
1	drawn
3	30102(e)(1)
1	stan-ins
17	terms
8	$5,000
1	grounds.
1	reproduction,
3	remedial
1	disbursements,
2	grounds;
3	electing
54	received
1	electromechanical,
1	reliability,
2	30104(a)(6)(b)
22	receives
9	exceeds
8	requests
1	voting;
58	(including
5	applicability
17	voting,
2	telecommunications
5	voting.
2	speak
4	petty
31	duties
5	families
13	concerning
1	convening
1	inhibit
4	publicly
1	plans,
10	air
8	applies
1	known)
3	property
1	$35,000,
1	deafeach
1	states,[1]
2	patent
1	prescribe,
1	indictment
1	prescribe;
25	independent
1	conferences.
1	conferences,
2	hand
1	depict
2	noncommercial
17	prescribed
2	kept
2	eve-numbered
1	1601
2	1974
6	1973
1	1971
3	contact
1	21111.
1	21144.
1	stringent
1	20706.
2	tabulating
10	electronically
3	eligibilityan
1	concerns
95	board
1	evidenced
3	2007,
2	ful-screen
4	boxes
1	(6)(a)
1	country,
1	evidence.
1	justice,
29	security
2	dues,
1	sends
3	manual
4	denies
1	month;
1	treasurers
12	comments
1	accept,
2	month,
8	newspaper,
15	denied
16	participation
2	repository
2	constructive
2	architectural
9	post
1	specificationany
1	treasurer;
1	comment;
1	function,
1	type),
16	months
2	accepts
1	constituting
1	treasurer.
2	voic-over,
1	21083(a)
2	navy,
2	pays
6	(or,
1	requirementsthe
6	rendering
2	obligate
1	balanced
7	legislation
7	way
167	(c)
1	seq.]);
2	becoming
1	same.
1	pay,
97	absent
2	mails
1	hotlines
1	21132.
10	evidence
1	transferred,
2	expertise
1	brother,
6	agents,
1	agents.
1	stake
3	senatorial
2	interested
10	holding
21	test
3	distribution,
3	factors,
3	mail;
3	$10,000,000
2	outreach
1	concurrent
3	mail.
1	promise,
14	mail,
2	chairperson
1	affidavit
4	governed
2	global
1	30142.
1	supplement
1	devoted
1	compensate
1	(a)(5)(a)(i)(ii)
1	division
1	appropriationsin
7	liability
8	prohibitions,
3	airing
1	presented
1	altering
2	12th
1	discover
1	affiliation
8	cost
1	payor).
3	excess,
8	appear
1	repeated.
62	assistance
2	foregoing
4	coerce,
10	uniform
1	1015
10	appeal
2	satisfy
2	supporting
1	8(a)(3)(b)
4	appointed.
6	appears
30	change
1	exemption
2	trial
1	usually
4	regardless
1	lending
20	marked
2	market
2	prove
2	organization;
1	territories
1	live
1	organization)
5	1973gg
21	organization,
17	commissioner
2	club
4	envelope
1	guarantor,
2	commissioned
4	organizations
2	instructional
1	repealed.
5	incidents
1	monthly;
17	december
9	heard
1	$400,000
1	exclude
1	formthe
1	clothing
1	write
2	future.
2	allowable
1	filingeach
3	product
1	engineers.
1	committee;1
4	produce
1	commit
21	nomination
1	impaired),
1	agencies.
1	(taking
1	displayed
1	transmission,
1	twent-two
1	transmission.
2	aiding
1	ended
1	disparities
1	funds.the
2	statistical
4	concert,
2	(x)
17	forms
1	according
5	factual
4	notification.
5	cooperative,
1	transmissions
2	intellectual
1	21084.
44	provision
2	expedite
4	enacted
1	frequency,
30	january
2	form.
5	form,
1	termination,
1	en
2	challenged
2	ex
127	year
4	defense,
40	et
1	defense.
2	3302
1	shown
1	accomplish
4	space
3	2005,
20	receiving
5	shows
3	e.
1	(b)excluded
2	courts;
1	10311.
3	obligation
3	marine
19	card
1	beverages,
1	fixed
2	deprivation
3	transition
1	reported.
1	510
1	nonprofit
7	blind
1	(4)).
1	enhances
1	(a)(1)(b).
4	(a)(1)(b),
1	municipality
24	directly
1	comprises
1	impossible
1	forwarding
2	size
1	avail
1	checked
7	thre-judge
1	frame
1	professional,
4	taxation
1	prosecution.
1	compensated,
1	tripled;
3	recommendations,
1	recommendations.
2	eliminated
1	professionals
1	affordability,
92	accordance
11	transferred
1	remained
1	(a)(2),
1	correction
1	(and
11	equipment
8	online
1	objective
1	(a)(1)(a)(i),
1	impairment
59	(e)
2	begin
5	price
4	america
1	(20)
4	attempting
1	duplication
30	filing
1	ground
1	ratio
194	title
9	proportion
1	30109.
2	inventions
1	12-day
1	21061.
1	disabilities.
1	applies.
1	20930
2	concert
2	physically
5	elected
1	actively
1	20311.
2	pr-addressed
1	billboards,
9	(3),
2	(3).
1	(3))
47	notice
1	30125(b)(1)
1	9003
3	article
1	(ii)declaration
1	stages
1	custodian.
2	custodian,
1	pertain
1	custodian;
2	firs-time
1	comes
1	(6)(a).
3	20508(a)(2)
2	territorial
2	punished
2	exhaustion
6	disclosed
1	renewal,
17	observers
1	benchmarks,
1	external
5	abridging
1	commissionthe
3	developing
9	handicapped
1	instituted,
2	editorial
2	duties.
1	duties,
1	canceled
1	bias
1	duties;
1	duties:
13	develop
1	order),
1	media
1	computers,
1	inquiry
1	charge,
17	document
1	residents,
1	enjoyment
3	constitutional
1	invalidated,
1	severe
3	coordinate
7	laboratories
2	charged
1	efforts;
2	transmitting
1	bases.
1	treasury,
1	efforts,
6	rule,
1	1979;
1	allegations
2	death
1	domicile
1	either,
2	conduct,
1	treatment
1	real
3	tax,
24	rules
2	early
1	79l(h)
17	using
4	execution
18	recipient
1	dates.
1	dates,
1	dividends,
2	postcard
3	endorser
2	conducts
1	annually
6	benefit
2	obligates
3	credit,
1	21001(c)(2)
1	enacting
1	statesthis
1	recorded
1	honorarium
1	requirementseach
8	business
2	sixth
6	equivalent
1	pending.
1	tuition
2	general.the
3	sixty
1	reexamine
1	comparison
4	central
1	supervised
2	9-day
1	conceals
4	testimony
1	20702.
4	inclusion
1	involvement
4	operator
2	training,
2	2003;
2	forwarded
4	prepare
12	area
1	assumed
1	organizationsa
5	2003.
1	low
1	lot
4	lou
1	you.
1	10313.
1	facilities,
1	(b)(iii)
1	copied
6	fraud
1	20302(b)
3	lawfully
1	home,
1	justice,[4]
1	describe
5	moved
1	priority.
1	scanned
1	delivered).
1	60,
2	judicially
3	technologies,
6	administered
1	storage
1	nondiscriminatory.
2	including,
1	nondiscriminatory,
16	valid
1	technologies;
1	30104(f)(3)(c)
6	ineligible
26	computerized
2	registry
1	ful-time
1	overturned
53	fiscal
2	organized,
4	repay
94	overseas
6	precondition
1	activity.the
2	ceases
6	month
25	deadline
1	revoke
1	(all
2	corps
1	prohibition,
5	solicit
18	(g)
1	attribution
4	confidential
1	mutilation,
12	prohibitions
2	enjoin
9	attributable
4	certificated
10	witnesses
1	learned
2	destroys,
1	nonapplicability
2	modify
3	answers
48	excess
2	advisable
3	interposed
7	conviction
177	amount
5	advertising
3	o-line
3	amounts:
2	30101(17)
6	family
10	requiring
1	chosen),
2	aimed
1	travel,
2	story,
4	takes
1	(bb)
2	budget,
9	contains
3	10302(a)
10	taken
30	authorization
2	abridged
4	abridges
4	commenced
3	producing
4	offender
1	nine
2	phrase
3	$20,000,000
1	bank.
3	bank,
3	utilize
1	stayed
9	prerequisite,
1	intimidates,
25	[now
4	derived
1	20304(b)(1)
1	goals,
1	derives
1	$1,500,000
2	documentation
3	overnight
1	affirmations
3	disabilities;
7	help
51	administration
8	soon
2	authorities;
32	held
1	preempt
7	disabilities,
336	committee
6	committed
1	authorities.
13	fined
1	absence
31	systems
8	if,
1	conceals,
1	fines
1	(b)).
3	food
1	anticipated
1	anticipates
1	30116(a)
1	legislative,
1	$20,000.
11	imprisoned
2	system.
4	fully
8	system,
2	intervene
1	system)
1	entity,
1	$20,000;
4	obligated
1	system;
27	referred
8	fees
1	beyond
9	event
1	partnership,
1	america?
5	since
7	publish
2	trusts
5	safety
4	7
12	issue
1	definitionsfor
2	inspection,
1	timeline
1	misstatement
17	reason
3	base
1	1984.
4	earliest
1	20301(a)].
2	literacy,
1	subsections[2]
18	american
1	literacy;
1	disabledthe
1	devolve
8	assign
2	probability
1	______
1	station
7	identity
1	20930.
1	hundred
1	selling
2	heritage.
4	consultation,
1	definedas
3	financing
2	multicandidate
1	(xiii)
1	property.
2	30109(a)(8)
12	(c),
1	deciding
3	(c).
1	(c))
1	20309.
1	experience,
3	2001,
1	2001.
1	fraud;
2	substantial
1	sentences
2	fraud,
1	fraud.
5	lie
5	officers
1	relieved
2	subpena
2	from,
2	towards
4	sentence,
1	sentence.
1	reportsnot
1	sponsored
10	approved
2	salary
1	unreasonable
1	officer)
2	usual
1	construction,
3	registers
1	20926.
6	completion
7	with,
1	with.
2	justice
4	(such
1	flights
1	surveyed
1	debts;
1	limitexcept
1	etc.,
19	officials
1	beneficiary;
6	custodian
6	register.
2	etc.;
1	receipts,
1	$1,400,000,000.
1	flight)
2	alteration
1	underlying
1	receipts;
1	scanning
8	september
1	emergency,
1	plausible
1	descriptions
4	close
11	practice
1	years;
4	probable
1	pictures
13	years,
4	years.
4	seq.]
6	conditions
5	local,
13	seq.)
3	county,
4	minorities
1	bureaus),
2	$50,000
1	complies
1	usesa
3	vessel
3	complied
160	described
13	maintenance
2	collected
11	territory
1	generating
1	manner;
18	citizen
2	manner.
4	manner,
19	determination
2	manner)
1	10702.
8	affirmative
14	expended
1	unobligated
2	deterring,
15	(1),
1	laboratories,
1	whenever,
1	laboratories.
149	voters
3	use.
1	reads
1	sites),
4	fannie
1	use;
1	20304(d)
1	termsof
42	grant
1	(b)(3)(a)
4	(regardless
3	rights,
1	grand
6	modification
1	composition
1	conflict
85	used
16	temporary
1	rendered.
5	read,
2	voter;
1	rendered;
8	uses
3	voter,
3	voter.
1	voter)
1	forms;
1	herewith
1	older
9	forms,
1	consistency
1	30101(3)
1	minorit-group
1	pollstar.
4	definitionsas
1	disseminate
1	informal
6	guaranteed
7	exercising
71	ballots
23	guarantees
1	remaining
12	chairman
1	march
2	quarter:
1	evaluate
2	showing
2	judgment;
3	quarter,
2	quarter.
2	settlement,
4	judgment,
3	judgment.
2	ballot)
11	ballot,
14	submission
6	ballot.
5	ballot;
1	fundsif
1	fundsin
1	rebate,
2	economic
1	4(a)
7	delivered
4	describing
1	exceeding
1	run
4	facility,
1	facility.
3	processing
1	lakes
1	identified.
1	father,
1	identified)
4	faith
2	(expressed
1	experiences
1	actions,
22	disclosure
92	within
1	residence)
1	residence.
3	rolls
2	contracts)
4	statistics
1	contracts,
1	renewal
1	20503.
1	circuit)
13	consultation
1	$10,000,000,
2	circuit,
1	611(b)
1	5(b)(2)(c)
1	governs
4	duly
34	registered
1	chang-o-address
3	properly
2	awarded)
1	vacancies
1	principles,
2	loan;
14	similar
1	ordered
1	regulation)
2	regulation.
8	regulation,
1	shown.
1	shown,
4	require.
3	require)
7	objection
111	application
2	30122
1	electrical
24	department
1	20982(b)
3	william
2	reservation
1	cryptographic
3	independently
101	required
4	amount.
8	amount,
1	30124.
9	requires
26	aggregating
1	ascertained.
2	results;
1	21082.
1	21082,
1	position.
3	excluded
1	twent-fiv-year
2	1975.
1	feasible,
1	enforcement;
3	barbara
16	enforce
1	enforcement,
1	dilute
2	compensated
2	filing;
31	notwithstanding
1	filing,
1	(c)required
2	independence)
1	$50,000,000.
2	decree,
6	commercial
1	defrauds,
10	fifteenth
2	referee,
1	referee.
1	recommendation,
2	products
5	addresses
8	centum
1	addressed
1	statute,
1	deny,
1	average)
1	(1)(b)
1	remains
1	adequacy
17	vehicle
2	historically
2	reflects
254	subsection
2	privacy,
2	becomes
1	privacy;
1	responsibilities.
1	responsibilities,
51	appointed
3	sample
3	reimbursement,
1	sanctions
2	postmarked
1	both:
1	20904(a)(2)
7	control
1	30103.
3	activities.
3	activities,
1	20508(b)
1	activities:
1	activities;
6	application;
13	sought
1	dominant
1	arrangement
1	located
1	_____.,
1	fare
2	(19)
1	ronald
1	21062
1	reportnot
1	10505.
2	advocates
2	casting,
109	including
1	mentioned
1	availabilitythe
1	national.
6	national,
1	exclusion
1	registration:
3	registration;
10	registration,
4	registration.
1	deprives,
1	committee).
1	documented
7	literacy
3	technology,
2	technology.
4	raised
3	nationals
2	prevailing
16	commonwealth
1	701
1	30101(1)
12	constitute
1	delegate,
1	exceeded
21	special
3	chavez,
1	entertainment
8	unlawful
2	5316
1	5315
2	30118
5	subparagraph,
1	time.
1	subparagraph.
18	cause
2	30117
1	dismiss,
2	withdrawal
2	delegates
1	attending
1	completely
1	received.
2	received,
13	determining
16	(8)
1	subparagraphs
14	times
1	makes,
1	searchable,
2	list;
2	list,
3	list.
2	makes;
3	activity,
4	activity.
1	4(b)(6)
3	clearinghouse
7	management
4	be,
16	privacy
1	bears
14	adopted
4	declines
14	final
1	(and,
1	earmarked
8	lists
1	investments;
1	updating
1	photograph
1	affiliates.
1	affiliates,
50	submitted
17	providing
5	enforced
13	need
1	activitiesa
1	environments,
6	able
2	proceeding,
1	instance
12	balloting
1	mileage
4	connected
1	1973e
1	1973d
1	1973g
1	expired
5	proceedings
2	databases
6	limite-english
3	procedure.
1	lease,
44	violation
9	sent
1	procedure:
2	$50,
1	(c)transfers.
1	guidance);
1	20904(c)
13	based
2	earned
2	credited
1	quadrennial
3	hector
15	employee
6	employed
1	achieve
1	$650,000,000,
2	leased
3	120
2	joint
1	legitimate
67	procedures
3	processes
1	impounding
2	processed
1	(v)contents.a
108	uniformed
1	30126.
1	20509
3	operated
5	20501
2	20506
2	20504
2	20505
1	study,
3	limit;
688	state
1	limit,
6	neither
1	limit.
1	limit)
5	comparable
7	official,
6	official.
2	interfere
10	approval
6	distribution
1	undetermined
1	(b)application.
8	limits
1	(c)).
1	(c)),
2	stat.
1	(c));
2	(established
3	subtitle
2	bearing
2	tuesday
1	$5,000,000.
1	sense,
1	1976),
3	mult-candidate
32	addition
7	discrimination
1	quiz
3	recounts
14	controlled
3	king,
71	expenditure
4	false,
1	indirectly),
1	examiner
16	resident
1	surface
1	union.
1	parte
2	generic
1	amend,
1	10308.
1	matches
2	parts
2	speaker
120	party
1	notwithstanding.
2	fide
57	effect
4	ge-ou-th-vote
6	frequently
5	transaction
2	thereby.
1	$0.04
6	well
2	part.
1	part;
2	restore
1	claiming
4	accurate
1	territories,
2	sources
1	30101.
13	coordination
1	counties.
1	(a)(ii)(ii),
2	payment.
1	bequests
3	deposits
2	imposes
4	size.
1	20510.
3	payment;
1	26)
1	$150,000;
8	26.
12	26,
3	26;
12	immediately
1	formulain
1	prominent
51	necessary
2	deposit,
56	payments
1	10507.
1	sentences,
3	therein
1	chains,
1	(a)(4)(b).
3	home
2	limitation.
3	limitation,
2	before,
1	accurate,
2	before)
1	solicits
1	financingeach
1	objected
1	20928.
2	sponsoring
1	demonstrated
22	limitations
5	congress.
1	expansion
6	congress,
2	limitationa
13	prohibited
2	offset
3	congress;
1	misrepresentation
1	$200,000;
1	huma-computer
1	stat-funded
2	freedom
1	demonstrate,
4	solicit,
1	equally
1	ordinance,
9	previously
6	court,
1	administrator)
16	court.
1	court)
5	court;
2	court:
29	additional
1	vacant.
1	wages,
2	notices
26	receipt
2	pac,
1	township,
2	goals
7	courts
1	notice.
2	notice,
4	signed
2	converted
33	limit
1	interactive,
4	display
2	urging
1	recertification,
1	(a)(2).
9	education
12	functions
2	contest
1	disposing
1	yours.
1	defaces,
1	stay
1	(23)mass
1	convicted;
6	appoint
1	functions.
1	levers;
14	portion
3	commencement
1	(iv)additional
1	promulgate.
1	reason,
1	1971.
2	consists
1	(which
8	whose
1	huma-machine
4	disability
2	presents
1	par-time
6	protections
4	party;
2	findingsthe
1	otherwise)
1	updated
3	promulgated
4	otherwise,
4	counted.
4	counted,
2	state),
1	govern
7	affect
1	(26),
2	counted;
1	20945.
6	force
1	likely
6	subordinate
4	implemented
1	subsidiary,
2	even
1	10101.
11	party.
1	economic,
25	party,
3	dr.
11	new
8	deemed
1	10.
1	10,
2	resides,
1	deposition
1	30107(a)
4	active
17	103
1	100
17	107
5	interpret
3	expedited
7	credit
1	30120.
1	proceduresthe
12	permit
1	expedites
1	preference,
1	suitable
1	spouse.
76	campaign
1	reagan
5	county
2	moral
2	generalnot
1	counts
2	municipality,
1	(3)(a)(ii)
2	right;
1	call
1	municipality;
4	recommend
1	right.
13	type
1	292(d)
3	posting
2	(a)(i)
45	rights
1	suggestive
3	exceptions
1	defer
1	defects;
3	give
1	1604(b)(2)(c)];
1	10,000
1	consistent.
2	answer
1	construe
26	minority
1	replacing
2	food,
1	20310(5)
59	president
3	purchase
11	attempt
4	21007(a)(4)
1	borough,
17	maintain
2	fraudulently
4	divisions,
59	personal
2	crew
1	better
1	(b)(3)(b)(i)(ii)
2	combination
1	intimidation
1	microfilm
1	operation,
1	denied,
1	contributionthe
2	bona
6	mean
3	afforded
4	aids
1	30107.
1	restricted
1	available;
1	available:
1	content
1	1604(a)(2)
1	aggravated
5	available,
1	accordingly,
11	voters,
12	voters.
1	obligations.
1	messages
4	deems
8	signature
10	vote.
1	10501,
4	voters;
5	grade
2	contractors
11	thereof
1	featured
3	invalid,
1	commission),
2	commission).
1	(4)(a),
1	(4)(a).
4	requisite
9	begins
1	distance
3	database
1	unde-vote
1	preparation
7	matter
1	21123.
1	spoiled
1	usages
1	(3)(a),
7	seek
1	data,
1	data;
1	recordkeeping
1	tabulated
1	item;
1	changed;
13	regular
2	affirmatively
1	31),
2	usage,
4	reimbursement
1	assisting
3	medical
3	rico.
8	rico,
11	mailing
10	selected
54	jurisdiction
24	ending
2	attempts
2	chartered
3	pins,
10	judges
1	30111(a)(5)
1	chapter);
3	representing
4	debts
3	practices,
2	attempt,
1	coast
20	comply
3	bar
1	submittal
7	seeks
2	judge)
2	judge,
5	reference
2	testing
5	(a)(3),
1	(a)(3)1
2	decided
1	(a)(3);
1	incorporating
55	subject
1	fai-safe
1	20971.
2	authority,
1	adjudged
1	20943.
1	suggested
1	1977,
1	distinction
1	1977;
1	workers
8	limitations,
2	appeared
1	now,
1	targeting
27	basis
12	three
2	enacted.
359	commission
1	30119.
4	interest
6	basic
10	entered
2	contributors,
3	website
1	less,
5	administration,
2	(to
1	30122.
1	dismiss
1	administration;
1	meetingsthe
1	personally
4	aviation
1	part-related
12	exception
1	21008.
7	illiteracy
3	brochures,
1	near
1	turnout,
1	$7,811,500
1	papers,
1	balance
7	employees
1	seven
1	over,
1	$57,500,
3	iv
2	ii
3	2009,
111	make
1	respectively)
1	respectively.
1	respectively,
7	program,
6	program.
1	program)
10	entitled
18	meets
1	governors
1	declaring
1	(a)(6);
1	10508
1	i,
1	10501
3	10503
2	10502
22	opportunity
16	programs
1	settled
1	failing
35	materials
1	claims
4	left
17	sentence
1	sporting
1	unfair
1	aside
8	assigned
4	identify
5	human
3	facts
271	candidate
3	separate,
7	defray
8	(b).
23	designate
1	fact.
1	fact,
3	background
12	performance
2	supervisory
26	states,
14	states.
2	states)
1	unnecessary
1	proficiency.
8	states;
1	states:
13	conciliation
11	elderly
13	paragraphs
1	subscription,
3	stations,
30	notification
4	normal
5	30118(b)
1	naturalization,
1	reviewthe
16	paragraph,
4	paragraph.
1	regulationsnot
1	paragraph)
1	paragraph;
2	empowerment
2	30101(20)(a)(iii)
1	101(a)
1	status;
2	magazine
1	status,
3	participation,
1	automatically
1	officersthe
8	for,
1	appoints
2	education,
1	30105.
4	lieu
1	plaintiff,
18	initial
5	influencing
1	22,
51	form
26	failure
4	(13)
7	bundled
2	used,
1	10503.
1	attaches
2	transfer,
2	transfer;
5	abridgements
1	adversely
2	thereafter),
2	discretion,
1	marking
1	generally
1	digital
1	exits,
1	insolvency
1	21121.
2	(a)(ii)
2	diem
8	authorities
8	transfers
1	employees,
1	abridgement;
1	daily
2	government,
4	government.
1	customary
1	government)
1	relieve
4	expedited.
1	government;
2	definitionsin
3	retention
1	vacancy.
24	certification
16	special,
1	finally
1	vacancy;
1	suffered
1	forth,
1	renovation,
1	advised
1	word
6	testimony,
5	governments
1	mark,
1	item
1	software,
1	work
2	dealing
1	questionnaire,
1	(22)public
1	1101(a)(22)
1	workshops,
1	secretary.
1	barrier[3]
1	international
6	filled
3	transportation
8	clerk
3	requirements;
2	box
1	comptroller
23	institute
1	1973ff6(1))
2	simultaneous
5	suggestion
7	elect
8	statewide
1	eligibility,
2	review,
1	20941.
2	sharing
1	criteria,
5	effort
2	custom,
2	1975,
1	mult-state
27	making
8	(v)
1	nearest
1	portals
1	seq.]:
3	seq.];
3	lobbying
20	agent
3	seq.],
10	seq.].
1	seq.])
1	council
2	complainant
1	20508.
1	twent-five
2	sworn
2	issued,
295	may
3	20701
1	20703
14	membership
3	blindness)
44	designee
3	designed
1	blindness,
1	14,
4	coretta
7	maintained,
6	deposit
1	21053.
1	thresholds
1	marking,
31	entity
1	20303.
1	53(c)
1	(a)(8)(a).
1	designates
16	group
7	monitor
1	months,
1	months.
5	listing
3	policy
47	mail
1	generallya
1	finance
1	threshold)
1	threshold,
1	threshold.
2	resource
2	possess
4	attorneys
1	jury.
6	promulgate
1	clauses[1]
1	affirmations;
1	determined,
1	20507(d)
6	or,
3	assistance.
1	physical,
1	interference
1	accounts.
2	listing,
19	correct
1	ballot);
1	convention;
1	mechanisms
1	107107;
1	convention.
4	appropriations,
1	20310(1)
3	advance
36	language
2	thing
11	registrar
1	invalidity
24	first
1	competitions;
1	sent,
2	disburse
1	americans
1	competitions,
47	carry
2	corporations
3	(a)(2)
1	10302.
3	10302,
1	branch,
1	participated
1	speaking
19	corporation,
2	american,
1	subpoenas
3	broadcast
1	establishes,
6	notices,
17	10
1	13
1	12
6	15
1	14
1	17
1	16
2	19
9	18
2	participation.
6	protected
37	1,
1	30102.
4	complaint.
5	complaint,
2	topics
1	briefs
1	spent.
1	conspiracy
2	investigation,
1	efficient
6	potential
1	refund,
1	201
2	200
4	investigations
6	iii.
27	paid
1	brief,
7	(11)
2	complaints
1	entrances,
1	refunds
1	fills
1	generalno
1	employer;
1	contract.
2	contract,
13	threshold
8	soliciting
2	treasury
1	(c)(3)(b)
2	ranking
9	contracts
39	designated
1	employers
5	denials
3	section)
1	accounts:
1	yield
4	requesting
1	accounts,
1	miles
2	2011,
3	declared
4	perjury;
1	seat
1	relative
7	declares
1	approval,
1	seal
1	(2)(b),
79	calendar
2	perjury,
2	perjury)
10	registering
1	date;
2	enough
2	across
3	date.
7	august
4	parent
3	check,
1	committees)
8	committees,
1	committees.
1	holders
8	among
23	maintained
17	grants
2	legislation,
1	disciplinary
2	informatio-gathering
5	certify
2	forwardable
1	ballotthe
1	educated
1	stenographically
1	registrationany
3	dates
6	grant.
11	accessibility
1	1973gg6(a)(3)(b))
9	declaration
1	sound
3	employment,
1	employment.
1	falsifies
8	compile
1	employment;
3	ongoing
1	estimates,
2	investigating
1	deposits)
2	unwritten
1	supervisory,
1	site.
11	different
1	(who
23	pay
1	mortgage,
5	pac
1	speech
2	intermediary
12	assist
1	conference,
1	no-minorit-group
10	committees;
3	intermittent
1	falsification
42	amounts
4	absence,
1	convened
1	30115.
3	outdoor
2	studiedthe
11	money
15	(h)
1	20506.
20	4
1	wife,
2	contributions;
6	advertising;
1	undelivered
3	contributions,
1	contributions.
1	secrecy
2	advertising.
1	advertising,
1	found,
5	identifying
1	21004.
17	either
2	served
1	voluntarily
1	405(r)(8)
1	office);
2	(4).
2	(4),
5	specified
1	(4);
1	office).
9	office),
10	gross
1	confirm
1	violations,
4	station,
1	(i)definition
1	reports:
9	refers
2	reports.
11	reports,
13	regulations
10	conducting
1	allegiance;
1	stations
1	20903.
1	20305.
16	meaning
1	assets.
18	provisional
1	referenced
172	

1	(d)required
3	banks,
1	corrected,
1	waterways)
1	deadlines
2	20903(b)
1	21102.
1	reference.
1	integrity,
2	campaign,
2	land,
1	deadline;
2	deadline,
1	2032,
242	general
1	examine
2	deem
49	file
5	fill
15	amendments
1	assessing
25	personnel
15	drivers
6	field
1	chair),
1	decrees.
4	cable,
5	students
4	grant,
1	note]),
3	equitable
1	(a)(8)(a)
99	subdivision
3	assets
3	casts
2	amendment;
1	oversight,
5	resolution
4	amendment,
1	authentication;
1	represent
1	grassroots
1	duplicates
1	forbidden
2	dollar
2	cooperative
1	preserves
5	territory,
4	preserved
1	mother,
1	allowance,
2	sitting
5	10303(a)
1	removing
18	practice,
1	sought;
3	1101(a)(20)
3	nonwhite
51	applicable
1	sought,
1	solicitationsin
1	preserve,
10	20th
1	neighborhood
5	solicitations
4	abridge
2	misrepresent
1	(17)
2	conveyance
73	public
1	movement
1	threatens,
14	title)
2	compilation
64	title,
1	solicitation;
10	operating
3	solicitation,
1	title:
33	title;
1	misconduct,
1	satisfies,
1	publishes
1	speeches
2	20507(a)(5)(a)
9	published
1	90,
3	quotient
5	authorize
2	sanction
25	establish
28	two
1	21025.
1	guard,
1	comparing
1	trivial,
2	individuals,
1	staggering
1	individuals.
17	particular
1	singl-judge
1	individuals;
10	willfully
1	none
1	(29
13	remain
212	paragraph
244	(2)
2	abroad,
1	issue,
1	subgrant
2	expeditiously
4	share
1	15,[1]
1	instructions;
16	minimum
3	hours,
1	purchased
3	hours.
9	instructions,
2	violation).
3	management,
15	acts
1	administrators,
1	defacing,
1	number.
1	purchase;
3	number,
1	(2)(b)(ii),
4	response
3	purchase,
1	act:
11	act;
1	8).
24	act,
15	act.
1	rounded
2	existence
10	24
1	25
13	26
5	20
4	forthwith
4	28
1	relief),
1	2,
2	accessible,
10	good
11	seeking
1	encouraging
12	association
1	impliedly
1	easily
3	4-day
1	positions
1	possession,
1	(17)independent
1	mental
1	30117.
1	member,
2	member.
1	engaging
2	omissions.
1	obtains
2	commit,
4	(j)
4	insurance
1	member;
1	impairments,
2	funding
19	acting
2	print
1	20504.
1	20504,
5	evaluation
1	nonforwardable
4	abridgement
4	offsets
3	1968,
1	obtain,
1	1968.
5	2284
89	members
2	language:
2	litigation,
22	beginning
7	inspection
1	computers
5	advisors,
4	advisors.
33	conducted
1	$250
1	utilizes
1	10309
1	10307
1	10306
2	10305
8	10304
2	10303
1	disregarded
8	10301
1	instances
3	utilized
3	twenty
2	5th
1	18.
18	least
14	regulation
51	statement
2	conduit
4	citizens,
2	$6,000,000
35	part
9	believe
2	separability
1	20307.
3	b
1	20901.
2	recording
2	contrary
2	21005(b)
2	relates.
1	declare
1	interactive
2	service.
2	nominee
8	service,
2	service;
2	describedfor
1	confirms
2	orders
7	majority
3	order.
10	order,
1	order)
1	took
2	age,
1	order;
146	services
3	20304
2	20305
10	20301
5	20303
3	sector
1	particularly
1	100.22(b)
6	obligations
3	commissions
1	10306.
3	10306,
1	relation
4	(vii)
1	find
1	publish,
1	$100,000,
1	allocation.
4	distributed
1	paragraph).
1	processingexcept
1	8
3	(a)(6)
1	merged
10	commission;
1	network,
1	cros-indexing
1	permission
1	(a))
5	(a).
20	(a),
2	commission)
37	commission.
33	commission,
1	obligation,
4	(a);
6	remove
3	garcia
1	allocations
8	intimidate,
3	(b)(6)(b)(iii),
110	individual
1	dividend,
2	materially
1	occurring,
4	degree
1	expert
19	electoral
114	case
1	to)
1	donate
1	dividends
10	aircraft
3	alters
2	supersede,
1	20102.
16	appropriations
9	powers
2	procure
8	annual
10	foreign
1	involved).
1	point
1	20922.
4	throughout
3	ensures
22	election;
3	(15)
21	election.
58	election,
60	subchapter
6	meeting
1	understand
3	bill
83	elections
2	replaced
1	(d)1
2	(d);
1	applies),
1	husband,
1	candidat-b-candidate
1	(f)(1).
1	(d))
1	(d).
6	(d),
1	21023.
1	21072.
2	percentage)
1	access;
5	copying
29	development
4	assignment
76	(4)
1	solicited
28	(42
41	aggregate
1	task
1	supersede
11	spent
12	$10,000
2	english.
46	organization
4	spend
9	subpart.
1	buildings,
1	candidate),
1	matter.
2	matter,
1	subpart;
1	(iii)initial
1	matter;
10	alternative
1	candidate);
12	postal
4	source
28	administrative
1	20982.
1	30144.
1	(e));
1	(e)),
11	matters
2	(e)).
1	policymaking,
1	destruction,
1	decisionmaking
1	indication
1	paymentthe
17	motor
1	delegation
166	(

3	decision
1	datavote.
10	per
3	magazines,
4	eliminate
1	21051.
4	300
9	continuing
1	public;
2	restrictive
10	30,
1	30116(c)(1)(b)
1	20106.
3	public.
1	public,
1	goods
1	affect,
1	assignmentwhenever
2	specifies
1	30111.
10	[52
1	improvements;
5	forward
1	20502.
1	cooperation;
4	(f)(2)
1	replaced.
4	cooperation,
1	list),
1	noticed,
7	directed
1	interlocutory
2	expedition
2	(4)(a)(ii)
8	deprive
1	engineering
8	aggregate,
5	21145
8	denying
3	twent-sixth
1	matching
3	statutes
1	orders.
2	orders,
1	527(e)(1)
3	prepared
1	deterrence
1	rulemaking
6	2002
2	2003
1	ascertained
1	implied
1	2006
1	2007
1	2004
2	2005
2	rates,
1	10501.
1	minors
9	restraining
1	(c)notification
5	disbursement,
3	disbursement.
8	quarterly
4	disbursement;
2	origin,
2	entire
1	deadlinesthe
25	disbursements
3	10304,
1	10304.
2	(a)(i),
1	object,
1	2010,
1	laws:
4	laws,
1	giving
11	practices
28	access
1	(a)(4)
9	exercise
1	justification
4	subsidiaries,
4	jointly
1	44.
1	tabulated.
1	others
20	31
23	30
1	37
1	36
1	35
1	10304]
1	modify,
11	implement
4	composed
3	named
1	abolishment;
1	1-day
17	private
2	findings,
14	names
1	ii,
2	ii.
1	ii)
1	(a)(11)(a)(i)
4	readable
16	$1,000
2	unobscured,
1	totality
4	defendant
2	president:
1	president;
1	nationwide,
1	resolution,
1	resolution.
1	name.
1	herein,
1	trail
1	president)
1	president.
35	president,
1	arranging
7	iii
38	account
4	disbursements;
1	1000.04
5	closing
1	rehabilitation
6	prohibiting
1	(8)(a)(ii),
1	convenient,
1	20924.
5	effectively
1	officer),
6	contempt
6	native
1	(25)election
1	timetables
1	holds
1	regions
7	responsibilities
1	stock
1	buildings
6	collection
142	united
1	invoice,
54	chief
1	precinct).
1	subsequently
5	committed,
7	furnish
6	applicant,
1	applicant.
1	twent-fourth
1	applicant)
1	registrar;
2	registrar,
9	electors
1	guidelines),
6	fundraising
1	itemize
9	accredited
34	labor
1	21021.
14	criminal
34	(6)
1	quorum,
12	greater
5	elector,
11	registrars
54	day
10	applicants
1	disclosures.
2	verifying
1	challenges,
2	preclude
13	identified
2	identifies
2	identifier
5	receipt,
1	receipt.
1	receipt)
6	confirmation,
5	receipt;
1	(c)(2)(b)).
2	defend
1	wholly
2	insolvent
1	electronics
2	affirming
3	families,
1	families.
1	families;
23	receipts
2	chiefs
4	yard
5	parish,
4	deprived
12	qualification
6	retain
4	facilitate
1	predominate
1	complete.
2	domiciled
1	complete,
1	10302(a),
1	interests,
4	improvements
1	impartiality,
1	facie
1	21061(a)
1	donations;
1	20507(a)(2)
6	completed
1	(ii).
1	environmental
1	boards;
1	establishment;
1	abov-stated
1	establishment,
18	compensation
1	establishment.
1	(a)(1)(a)
8	10303(f)(2)
1	30113.
1	$37,500
1	mix
26	writ-in
35	unless
1	21002.
1	business)
6	basis,
2	business.
1	basis.
6	business,
2	eight
4	preliminary
1	depositories;
2	basis;
115	payment
4	alaskan
58	request
2	1,000
1	$10,000;
1	area,
4	selection
1	text
4	supported
12	staff
12	cycle,
3	knowledge
2	cycle.
3	cycle;
16	regularly
3	bear
2	3406
2	timing
7	areas
1	unauthorized
1	control,
2	revocation
1	20905.
3	$10,000.
2	conform
5	omission
4	exists
104	national
2	da-t-day
9	audits
10	injunctive
1	offenses.
1	imposition
1	reform
5	pattern
1	20901(d)
1	10308(e)
1	bias.
1	informational,
1	progress
1	audit,
1	audit.
1	aside.
2	implementing
1	aside,
1	exist.
1	optional
1	revoked
4	taking
29	equal
1	attributed
4	assure
1	(a)(4),
2	rebuttable
58	otherwise
5	comment
18	relevant
2	news
3	copies
1	proposal
1	home.
1	division,
3	define
1	conditionssubparagraph
3	volunteer
2	homes
3	holiday
1	atmospheric
1	thereof;
1	elect,
1	attend,
1	maintained.
19	value
4	promotes
1	thereof)
1	thereof.
8	thereof,
1	funds.in
3	(a)in
1	sister,
1	formulation
2	arrangements
2	conductthe
1	expeditiously.
1	indistinguishable
1	expeditiously,
1	20961.
1	(beginning
2	census).
1	oral,
1	republication,
1	refunds,
1	1603(a)];
65	reporting
1	itemization
1	20301(b)(7)
41	judgment
2	numbered
3	expense
2	promulgating
2	circumstance
2	procurement
7	position
1	publicize
1	arising
1	latest
1	derived,
1	proximity
62	executive
1	older.
5	interim
1	older;
8	28,
1	work.
2	28.
1	recommending
2	propositions
1	(1))
5	(1).
1	match
1	resolved
9	tests
1	seat.
1	filed;
1	judiciary
1	elapsed
2	filed)
3	filed,
1	filed.
2	identifying,
5	like
2	success
2	noncampaig-related
3	admitted
1	works
1	soft
17	accessible
4	notarization
28	authority
6	recommendation
3	proper
2	signs)
2	signs,
1	board;
5	discretion
6	board.
7	board,
5	board)
1	expire
1	recruiting,
2	periodically
1	corps,
1	actual
3	boards
5	30104(f)(3)
7	rendered
18	submits
1	functional
4	preparation,
1	terms.
1	21141.
4	awarded
1	representations.
1	representations,
1	567
2	insured
1	submit,
1	remote
1	20986.
1	delegate.
2	(g)(1))
1	students,
3	wish
1	20705.
1	administer,
11	supreme
1	replying
2	measure
4	periods
1	(b)(iii));
4	proceeds
1	steals,
8	48
25	corporation
1	44
6	45
3	42
2	detail
1	virtual
2	552a
6	period.
9	period,
1	variation
1	period)
1	death.
2	period;
8	oral
10	limited
1	21004(b)
10	facilities
4	time,
6	violate
13	contravention
4	21083(b)
3	merchant
7	applied
1	nonresident
1	incurs
26	every
7	established,
1	treasurers.[2]
1	12101
1	expenses;
4	supports
6	expenses,
1	remoteness
1	comprehension,
1	enjoy
1	21102
20	construed
12	consistent
33	guidelines
1	estimates
16	direct
1	street
1	estimated
1	change.
4	records,
1	terms,
2	general;
2	supplied
24	(in
35	conduct
1	supplies
19	general,
1	terms;
1	21131.
4	guideline)
1	represented
1	path
1	through,
4	digits
3	generals
2	forum
4	changed
3	generala
8	changes
1	punishment
1	equipment)
1	equipment.
3	equipment,
1	allows.
1	salary,
1	forums
2	asset
6	assessment
1	used.
6	decertification,
2	forum;
3	no-federal
2	must
6	advocacy
1	authorityobservers
1	buttons,
1	retaining,
2	dutiesthe
4	keep
12	end
76	u.s.c.
2	party),
1	party).
12	both.
18	description
2	both,
12	assistance,
1	minorities.
1	assistance;
1	minorities;
3	iii;
4	perform
3	iii,
10	enter
4	preventive
3	executed
1	interpretation
3	difference
12	writing
2	compelling
8	islands,
1	candidatesnotwithstanding
1	prevented
1	rental
1	20505.
2	notified
1	leading
1	filling
1	20104.
3	noncompliance
4	notifies
1	consolidate
7	prohibit
1	provisions.
1	scope.
1	day?
3	(h),
1	amendment),
1	day.
2	day,
2	20102(b)(2)(b)(ii)
9	free
2	be)
1	surveyed.
6	pr-election
77	days
1	presumptive
1	employed,
1	separable
2	appeals
17	primary
13	hearing
1	postmark
5	made,
1	top
7	percentage
1	urban
1	illiterate
1	appeal;
36	serve
1	conspicuously
1	formulate
4	nonpartisan
4	nominate
1	interrelated
25	to,
1	candidat-related
1	$35,000
1	registrant,
1	21112.
1	1964
9	1965
1	1960
2	thorough
1	predominantly
2	registrant;
1	21143.
6	effectiveness
1	nonprofit,
3	though
1	20984.
1	1973gg4(c))
4	orderly
2	2006,
6	2006.
10	registrants
5	mai-in
4	reductions
1	proceedings.
1	20302(a)(4)
4	radio
19	availability
1	pos-election
1	founded.
1	20310(5)(b)
1	10314.
3	(viii)
6	may,
1	$250,000,
14	columbia,
3	columbia.
14	color,
1	color.
1	columbia;
143	report
1	interrogated
1	(5)(b).
9	generalthe
1	timeliness,
5	capacity
2	sixt-day
1	(b)(1);
1	(by
1	(b)(1))
1	ta-exempt
52	title.
1	21083(a)(5)
7	improve
2	census);
11	protect
343	(b)
5	participating
1	games
4	seq.).
1	(c)(3),
29	(other
1	21123
5	impaired,
4	conference
1	expected
2	appears;
1	rulesfor
1	21133.
3	search
5	lesser
22	procedure
3	natives
2	character,
1	advertising):
9	expenses
1	experts
3	material,
2	(6),
14	containing
1	(6).
1	private.;
1	inventory
4	several
5	satellite
7	financed,
1	expense;
1	30145.
1	made;
1	expense,
1	amortization
3	amountthe
6	made.
10	cycle
1	21042.
4	savings
5	greatest
3	citizenship);
1	possesses
1	reportin
18	proposed
1	unemployment
1	proposes
3	advance,
1	processes.
31	office.
44	office,
2	office)
2	technological
1	(acting
21	office;
13	casting
1	grade.
15	judge
2	apart
1	2003.)

2	appearing
2	gift
1	opinions;
2	57
2	51
17	50
2	53
26	52
22	specific
5	5,
3	any,
2	5.
17	offices
41	officer
2	any)
1	(even
1	rebates,
3	successfully
1	reviewable
483	election
1	indirect
3	contests
29	proceeding
1	42.
8	armed
2	totals
1	1391
1	contest.
1	club,
28	permitted
82	chapter
14	limitation
13	census
2	attacks
30	ensure
1	logistical
7	efforts
1	under;
4	respondent
1	civic
46	civil
1	obtaining
1	manner[1]
2	donated
3	electorate
1	programthe
2	existed
1	rely
2	occurred,
9	virgin
6	head
5	-year
1	discourage
1	payable
9	hear
9	removed
4	[2
15	counsel
1	versions
2	(under
1	submitting
3	1973ff
1	customs,
1	(5),
5	30101(20)(a)
7	check
1	15002))
4	englis-only
3	setting
9	papers
1	proceduresnot
8	(hereafter
3	permitting
2	reconsider
2	liquidate
22	preceding
1	bureaus,
1	miscellaneous
1	20301(b)(11)
1	discharge
1	endorsers
1	20506(a)(1)
5	longer
1	paper,
1	paper.
1	3.2.1
4	od-numbered
1	varying
1	30104(a)(4)(a)(i)
1	21085.
1	addressed;
1	methods,
2	clarification
1	questions;
17	standard,
8	charge
2	promoting
16	determinations
1	questions,
1	21145.
4	advantage
1	(4)(a)(i).
1	20701.
1	3331
1	(1)),
1	practicable.
9	practicable,
12	level
2	2004;
2	determination,
3	determination.
5	decennial
80	standards
1	program).
7	lever
5	2004.
7	2004,
1	fundsa
3	injunction
1	inland
2	(pursuant
4	substitute
4	constitution
2	agrees
1	527
2	tabulation
3	funds.
3	funds,
1	groups
3	funds;
4	vocation,
1	thirty
6	expressly
4	case,
4	case.
1	form..
2	1st
1	session,
1	session.
9	employer
1	handled
1	district.
17	district,
3	criteria
1	certiorari
2	10307(a)
2	sessions
1	comments,
1	cases
1	photocopying
1	_____
8	means,
4	modified
1	c.e.s.
91	(d)
5	numbers
1	requirementsin
4	performed
1	(xii)
5	counting
1	(d)enforcement.
174	requirements
12	secured
23	1
1	assistance).
1	assistance),
1	$100
1	$1,000,000.
1	depriving
1	representations
4	classroom
1	secure,
1	speak,
1	succeeded
1	different,
4	requirement;
7	inform
1	representation
3	requirement,
1	30108.
1	impartially
1	refund
4	exclusive
13	subsections
1	policy;
3	furnished
1	20505(c)]
2	violated,
1	additionally,
1	each,
1	offers
1	violated;
7	coordinated
3	20902
4	20901
3	subsection;
1	30143.
32	qualified
15	subsection.
28	subsection,
4	subsection)
137	term
1	equality
62	name
1	apply:
1	increments,
2	apply.
1	apply,
1	commonwealth,
1	begun
1	adequately
2	factors
3	advice
8	contain
3	departments,
1	departments;
130	(ii)
20	candidate;
1	impose
7	motion
1	unpaid
1	issuance,
33	place
1	1001
1	suspend
4	revenue
1	prosecuted,
1	commissioners
2	evaluations
16	given
1	persons.
2	card.
5	persons,
3	card,
3	number;
10	convention
4	legally
1	white
1	$600,000,000.
3	gives
1	transfers;
5	$100,000
1	transfers,
1	networks.
2	networks,
19	copy
4	holder
1	specify
21	population
1	wide
21	require
2	computer
1	persuasion,
1	cards
1	outcome
5	oath
1	survey,
3	indirectly,
5	pro
2	nominating
1	sells
1	inapplicabilityparagraph
3	confirmation
1	transcription
3	programs.
1	emphasis
3	responsibility
2	many
2	ballots;
1	ballots:
1	precluded
1	envelopes;
1	communicationfor
7	donation
5	ballots,
1	ballots)
1	precludes
1	1973gg8)
1	sources,
29	considered
6	adopt
18	designations,
1	quantity
2	army,
2	1981.
1	workshops
70	pursuant
7	21081
1	21082
2	21083
32	written
1	explicitly
1	volunteers.
1	centrally
2	pendency
1	broadest
1	clerks
4	trade
6	recertification
16	regarding
5	3-day
1	(4)(a)(i)
2	21001(b)
1	areas.
3	newspapers,
4	violated
2	college
1	5316).
1	encouraged
5	fails
1	detect
3	relief;
1	(f);
16	designation,
1	managing
7	subsequent
20	review
1	(f),
4	relief,
1	whatever,
4	caucus
1	entitled,
4	multiplied
1	20703.
2	compliance,
1	compliance.
1	industries;
1	labor,
2	come
7	postage
7	contract
1	considerationsin
1	(8),
14	2002,
9	2002.
6	senator
14	duty
1	1973d[1]
21	color
1	continuation
3	6,
83	period
1	10310.
9	60
2	65
1	disproportionately
15	poll
1	20302(c)
4	deposited
2	500
2	direction
1	reimburse
13	pilot
5	paying
5	cash
31	cast
1	irrespective
1	person)
6	person.
8	telephone
16	person,
1	someone
2	person;
1	granted
4	physical
1	events
1	implement,
9	status
1	(1)(a))
2	10307(c)
2	compensation;
69	director
63	persons
2	statutory
1	commentfor
2	relies
2	event,
1	minimize
1	(b)additional
29	(f)
42	without
19	relief
1	components
1	relied
2	inability
5	termination
1	model
22	actions
1	schedule;
2	donation,
80	except
1	1964.
1	quality,
16	scheduled
1	address;
8	action,
2	action.
10	address,
2	address.
1	hereto.
13	accepted
1	(b)(10).
3	donations
1	reduced
1	elections);
3	(e);
3	(e),
2	bylaws
1	reprisal;
99	provided
1	$350,000.
16	legal
1	reprisal.
23	provides
1	provider
1	compulsion
1	accuracy,
1	30141.
2	20927
2	20921
1	20923
1	informing
1	mutually
4	$5,000,000
8	(but
72	communication
1	harm
1	9033
9	accounts
18	determine
1	satisfied,
7	alleged
1	strict
43	house
1	municipalities
1	vested
3	account,
1	younger
1	instrument,
7	promote
1	omissions,
5	applying
1	expenditure.the
1	instances,
1	final,
2	stock,
2	stock.
1	totaling
5	include,
32	together
1	spends
2	director)
2	notarized,
5	compel
7	director,
2	director.
1	website.
1	website)
1	$37,500,
1	director;
9	requested
29	separate
1	applicant),
18	includes
1	(c)(2),
9	included
1	contributor,
1	stocks
1	hereunder
1	calls
2	websites
3	directors
1	lack
1	son,
1	exceptionsubsection
1	follow
2	30116(b)
1	settlement
1	decisions
3	opportunities
6	removal
1	nonmilitary
1	subpena,
1	describedthe
1	presentation
1	1978,
81	activities
1	seal;
1	today?;
1	overseas;
2	subsistence,
4	subpenas
1	1973gg6)
55	list
1	owner,
1	fundsno
2	mutilates,
1	advisors).
5	ten
14	rate
1	invention
7	design
5	rata
2	transacts
3	necessary,
1	necessary.
3	sum
1	expenditures,
3	brief
1	disburses
1	appointeesas
4	version
1	commits
7	disbursed
2	expenditures;
1	succeeds.
19	eligibility
1	1603(b)(6)]
2	observing
1	possesssion[1]
1	identifiable
1	assistants;
2	stat-b-state
2	allows
12	runoff
3	disposition
3	definedthe
1	21081.
1	21081,
4	proceed
1	thereby,
1	20503(b)],
1	conspiring
1	debate.
1	minor
2	2000.
1	2000,
8	known
2	commercially
1	debates
2	3109(b)
1	(a)(1)(a)[1]
3	v
1	10312.
2	abandonment
2	conspire
4	coerce
1	airplane
1	allege
1	influenced
1	confidentiality,
105	court
2	goal
1	rather
2	agencies,
1	influences
1	extinguished
1	explains
2	reflect
1	20507].
2	tol-free
2	prefers
3	determines,
1	supervision
3	nonvisual
1	subcontract
5	laboratory
6	developed
1	21001(b)(3)
1	mission
1	disabled
1	thirtieth
2	disagreed
1	appeals,
24	electioneering
1	year:
1	witnesses,
1	reportsthe
7	instructions
1	(24)telephone
1	20503(b)
1	administrator[1]
2	inherent
4	weight
1	determination)
1	secret
1	expect
1	undertake
1	30125(b)(2)(a)
4	health
1	consideredin
1	generate
10	circuit
6	relate
16	notify
9	blank
1	mutilating,
4	utilization
1	automobile
3	financed
2	180
1	exhortation
3	property,
1	store
1	group.
2	option
1	fee,
3	information;
19	treasurer
1	optical
1	immediately,
1	optional.
4	information.
2	information,
1	king
1	finance,
2	instruction
2	voucher
1	obstacles
4	outstanding
12	part,
1	improving,
6	broadcasting,
1	institution,
1	interferes
1	institution;
7	finding
1	populous
1	interfered
3	added
5	measures
1	reach
22	nothing
4	uniform,
2	achievement
1	quorum
3	security,
2	30125
1	overturned,
4	institutions
1	compile,
1	memorandum
1	gain,
1	citizens;
17	penalty
1	(4)(a)(ii),
1	21003
1	compiled
1	30118(b)(1)
8	obtain
1	longest
2	grievances
1	leasing,
1	investigate
4	prescribing
28	activity
1	maintenance;
2	city,
1	intelligence
12	statements,
8	date,
9	defense
1	franchise,
2	declined
3	various
5	consecutive
4	rosa
1	initially
1	sold
1	attention
1	days.
10	days,
14	opposition
1	days)
3	c
15	license
8	treated
3	1973gg4)
1	became
3	however,
13	finds
1	reside
7	reasons
1	20301.
2	regulated
2	decline
1	paragraphs:
376	political
8	due
2	reduction
3	referee
9	flight
4	demand
3	advocating
8	who,
3	p.
1	parents.
2	concurrently
1	(1)(b),
1	(1)(b).
3	examiners
2	9
2	(3)(a)
3	1994,
13	prerequisite
4	higher
1	separately,
1	20308.
1	libraries,
2	eliminated,
1	daughter,
1	registered.
2	registered,
1	21083.
7	analysis
1	registered;
2	(a)(5),
6	stating
1	guarantors;
3	(consistent
1	places.
8	places,
4	fictitious,
1	constitution;
5	competitive
1	intervals
2	questions
4	constitution,
1	association.
4	association,
1	offices;
3	exclusively
7	governmental
2	modification)
10	violations
4	offices,
2	offices.
23	complaint
2	vendor
2	amended
1	question,
2	discriminatory
2	(b))
26	(b),
1	mailed.
1	violation)
3	modifications
3	violation,
6	violation.
1	systematically
1	impair,
3	separately
1	collect
2	essential
2	requirementsa
1	vacate
1	unreimbursed
2	constitutionality
8	procedures,
3	procedures.
1	5332).
1	1254
1	(d)(ii),
2	prohibitionit
1	applicationeach
1	requirements:
2	refuses
1	requirements,
4	requirements.
1	(21)generic
1	asserting
2	completing
1	boxes,
1	(aa)
1	file,
1	declaration:
3	question
4	long
2	vendors
8	sections
1	ballots).
1	ballots),
8	files
87	filed
1	raising
1	amended.
38	section.
1	amended,
39	section,
2	consist
1	licensees
1	selects
1	vendor,
4	501(a)
6	section;
2	section:
3	etc.
4	parks,
4	associated
1	programsnot
1	theft,
49	(iii)
1	10504.
1	malicious
2	department,
4	income
1	statementsthe
1	generated
1	census;
1	rightful
50	vice
4	purposes.
3	purposes,
3	departments
1	undelivered,
3	declination
1	demonstrates
4	purposes;
1	independent,
2	on-half
1	votes;
8	issued
8	rules,
1	alien
2	rules;
3	adjustment
110	contributions
2	votes.
22	issues
4	disposal
2	languages
1	20961
2	20962
1	(8)(a)(i)
63	include
5	contribution.
13	contribution,
15	and,
10	contribution;
4	agency,
5	language.
3	language,
43	polling
1	30108
1	language;
2	stockholders,
1	30105
2	30104
1	30103
1	30101
1	or[1]
1	desire,
1	$100.
1	unavailable
2	$100,
1	30111(d)
5	capital
6	desires
1	4(b)
1	entry,
1	dividing
2	guarantor
1	larger
2	leaving
2	usability
3	examinations
1	adoptionthe
50	apply
108	use
1	$25,000,
2	thereafter,
2	tabloids,
5	examination
1	constitutionally
1	regularly,
3	possession
1	destroying,
1	fort-eight
3	(subject
3	equity
3	cooperate
2	recount
5	anywhere
5	proof
1	21023
2	inaccessible
6	tax
1	21001(a)(2)
1	notification.not
1	requirementsif
2	sit
2	inaugural
1	dismissing
1	assistive
27	administrator
5	express
4	attend
14	3
2	perjury
1	remedy.
4	nonparticipating
1	duplicating
3	bill,
1	42.[1]
1	21006.
1	institutions,
19	permanent
1	choose
19	covered
1	30125.
1	conformance
3	pending
9	material
1	indexing
1	(considering,
2	republican
5	successor
1	articles
1	clerks.[1]
6	by,
23	transmitted
3	fund.
2	8)
1	8.
210	registration
8	related
2	maintain,
1	affiliation,
3	category
1	banking
1	tests;
2	performs
4	utility
7	certification,
1	certification.
7	disclose
1	relate,
1	maintains
3	promptly
1	televisionany
10	certifications
26	segregated
1	recordsthe
1	feasibly
9	follows:
1	cal-in
2	generalthere
12	publication
1	overdraft
1	hearing;
3	priority
1	2014).
3	hearing,
2	update
1	respondent,
1	diminish
6	july
4	institution
16	(iv)
5	hearings
1	purposesthe
2	see
16	whenever
2	payments)
4	$5,000,
3	$5,000.
1	te-year
1	(determined
3	$5,000;
2	linked
1	rejection.
3	(i).
2	(i),
28	agency
1	(i);
6	willful
2	21004(a)(7)
2	501(c)
2	20508(a)
3	class
1	subsection).
1	interest),
5	statute
10	deny
1	maintain,[1]
1	is[1]
1	contradictory
2	(18)
2	agreed
1	automated
19	chapters
6	serving
3	debate
1	1995;
3	litigation
3	unexpired
1	10506.
2	contentsa
1	operational
80	candidates
118	local
1	chance;
5	chapter;
5	plaintiff
22	chapter,
18	chapter.
1	circumstances,
2	words
1	20929.
16	candidate.
1	commentconsistent
55	candidate,
5	candidate)
1	contents;
1	avoidable
1	ascertain
2	asian
3	view
53	available
43	requirement
6	hardship
9	targeted
3	(through
16	identification
1	rendition
2	1566a
8	ability
1	beverages
17	agencies
1	(8).
2	job
1	21062.
1	techniques.
1	declining
1	30104(a)(11)
4	april
1	2018.
6	grounds
1	environments
1	subscribe
2	numbers,
182	respect
14	(9)
1	choice,
2	choice.
3	agreements
7	remedies
1	42,[1]
11	sufficient
1	meritorious
9	ensuring
4	present
2	agreement.
2	agreement,
2	choices
72	will
1	disapprove
14	appropriate.
1	privileges
1	appropriate,
2	appropriate)
50	member
2	adverse
9	units
1	appropriate;
2	privileged
4	residing
1	1972.
3	1972,
5	issuance
4	student
2	(d)(2)
44	appropriated
1	undertakes
4	unit,
6	approve
2	30116(d)
17	english
1	21001
1	21002
2	seconds.
1	21004
3	21005
4	21006
2	21007
1	(3)(a)(i)
1	fishing
1	provision,
1	provision.
1	20310.
1	capabilities
1	20946.
12	adoption
1	$4,000.
3	enact
3	conspires
4	identical
72	provisions
1	21001.
1	natives,
1	press
1	definitions;
3	generaleach
36	exceed
1	11,
1	dismissal.
3	broadcast,
1	115
2	110
5	employment
1	118
3	(7),
1	lead
3	14th
6	leader
2	obey
1	authoritiesthe
10	june
2	conveyed
1	reportseach
1	convicted.
1	raise
22	carried
2	extension
8	carrier
2	solicited,
1	reservation,
2	promise
1	fund,
2	lawful
16	transfer
1	reopening,
2	intention
1	therewith.
1	appointing
137	funds
5	electio-related
1	mailed
1	therewith;
209	made
48	whether
22	record
6	demonstrate
1	$200,000
1	kind,
4	improving
30	percent
1	coding,
2	branch
10	primary,
8	subchapter,
6	subchapter.
1	subchapter;
21	incurred
1	10309.
1	21002(c)
19	shall,
9	indirectly
1	(1)(a)
